"url","name","address","coords"
"https://data.mos.ru/opendata/918?pageNumber=1&versionNumber=5&releaseNumber=10","1
 
 Пункт проката велосипедов № 2","Гоголевский бульвар, дом 17, строение 1","37.5996000302847; 55.7468996317112"
"https://data.mos.ru/opendata/918?pageNumber=1&versionNumber=5&releaseNumber=10","2
 
 Пункт проката велосипедов № 3","Гоголевский бульвар, дом 33","37.6006000303714; 55.7508996313855"
"https://data.mos.ru/opendata/918?pageNumber=1&versionNumber=5&releaseNumber=10","3
 
 Пункт проката велосипедов № 5","Никитский бульвар, дом 11/12, строение 3","37.6000000303328; 55.7553996314069"
"https://data.mos.ru/opendata/918?pageNumber=1&versionNumber=5&releaseNumber=10","4
 
 Пункт проката велосипедов № 6","Большая Никитская улица, дом 23/14/9","37.5985000306674; 55.757299631608"
"https://data.mos.ru/opendata/918?pageNumber=1&versionNumber=5&releaseNumber=10","5
 
 Пункт проката велосипедов № 324","улица Лобачевского, дом 2 ,строение 1","37.5091053300751; 55.6638800310948"
"https://data.mos.ru/opendata/918?pageNumber=1&versionNumber=5&releaseNumber=10","6
 
 Пункт проката велосипедов № 8","Тверской бульвар, дом 17, строение 1","37.6022000305183; 55.7615996316647"
"https://data.mos.ru/opendata/918?pageNumber=1&versionNumber=5&releaseNumber=10","7
 
 Пункт проката велосипедов № 9","Тверской бульвар, дом 28","37.6051000303035; 55.7645996315657"
"https://data.mos.ru/opendata/918?pageNumber=1&versionNumber=5&releaseNumber=10","8
 
 Пункт проката велосипедов № 10","Страстной бульвар, дом 8А","37.6095000306542; 55.7666996315186"
"https://data.mos.ru/opendata/918?pageNumber=1&versionNumber=5&releaseNumber=10","9
 
 Пункт проката велосипедов № 11","Страстной бульвар, дом 16","37.6131000309405; 55.7680996314789"
"https://data.mos.ru/opendata/918?pageNumber=1&versionNumber=5&releaseNumber=10","10
 
 Пункт проката велосипедов № 16","Мясницкая ул., д.10","37.631468; 55.760244"
"https://data.mos.ru/opendata/918?pageNumber=2&versionNumber=5&releaseNumber=10","11
 
 Пункт проката велосипедов № 17","Чистопрудный бульвар, дом 8, строение 1","37.64170003049; 55.7630996316321"
"https://data.mos.ru/opendata/918?pageNumber=2&versionNumber=5&releaseNumber=10","12
 
 Пункт проката велосипедов № 18","Чистопрудный бульвар, дом 12, строение 1","37.6455000307845; 55.7602996317332"
"https://data.mos.ru/opendata/918?pageNumber=2&versionNumber=5&releaseNumber=10","13
 
 Пункт проката велосипедов № 19","Покровский бульвар, дом 8, строение 1А","37.6473000300229; 55.7572996315736"
"https://data.mos.ru/opendata/918?pageNumber=2&versionNumber=5&releaseNumber=10","14
 
 Пункт проката велосипедов № 20","Покровский бульвар, дом 12, строение 1","37.6484000305554; 55.7553996313728"
"https://data.mos.ru/opendata/918?pageNumber=2&versionNumber=5&releaseNumber=10","15
 
 Пункт проката велосипедов № 21","Покровский бульвар, дом 18/15","37.6474000304728; 55.7532996314618"
"https://data.mos.ru/opendata/918?pageNumber=2&versionNumber=5&releaseNumber=10","16
 
 Пункт проката велосипедов № 29","Тверская улица, дом 8","37.6096000302041; 55.7620996316672"
"https://data.mos.ru/opendata/918?pageNumber=2&versionNumber=5&releaseNumber=10","17
 
 Пункт проката велосипедов № 28","Пушечная ул., д.11","37.625079; 55.760656"
"https://data.mos.ru/opendata/918?pageNumber=2&versionNumber=5&releaseNumber=10","18
 
 Пункт проката велосипедов № 30","Камергерский пер., д.4","37.612399; 55.759292"
"https://data.mos.ru/opendata/918?pageNumber=2&versionNumber=5&releaseNumber=10","19
 
 Пункт проката велосипедов № 35","улица Кузнецкий Мост, дом 13/9, строение 1","37.6230000303621; 55.7621996317997"
"https://data.mos.ru/opendata/918?pageNumber=2&versionNumber=5&releaseNumber=10","20
 
 Пункт проката велосипедов № 15","Тургеневская площадь, дом 2","37.6367000301001; 55.7653996318204"
"https://data.mos.ru/opendata/918?pageNumber=3&versionNumber=5&releaseNumber=10","21
 
 Пункт проката велосипедов № 13","Театральный пр-д, д.5, стр.1","37.626047; 55.76002"
"https://data.mos.ru/opendata/918?pageNumber=3&versionNumber=5&releaseNumber=10","22
 
 Пункт проката велосипедов № 49","улица Мясницкая, дом 39","37.6415000304814; 55.7670996318507"
"https://data.mos.ru/opendata/918?pageNumber=3&versionNumber=5&releaseNumber=10","23
 
 Пункт проката велосипедов № 308","Улица Вавилова, дом 17","37.5796880302755; 55.7015826314805"
"https://data.mos.ru/opendata/918?pageNumber=3&versionNumber=5&releaseNumber=10","24
 
 Пункт проката велосипедов № 200","Фрунзенская набережная, дом 4","37.5969000304949; 55.733599631682"
"https://data.mos.ru/opendata/918?pageNumber=3&versionNumber=5&releaseNumber=10","25
 
 Пункт проката велосипедов № 201","Фрунзенская набережная, дом 22/2","37.5899000308251; 55.72569963147"
"https://data.mos.ru/opendata/918?pageNumber=3&versionNumber=5&releaseNumber=10","26
 
 Пункт проката велосипедов № 202","Комсомольский проспект, дом 21, строение 1","37.5842000308276; 55.7273996315499"
"https://data.mos.ru/opendata/918?pageNumber=3&versionNumber=5&releaseNumber=10","27
 
 Пункт проката велосипедов № 203","Комсомольский проспект, дом 31, строение 2","37.5791000308677; 55.7241996313671"
"https://data.mos.ru/opendata/918?pageNumber=3&versionNumber=5&releaseNumber=10","28
 
 Пункт проката велосипедов № 204","Фрунзенская набережная, дом 36/2","37.5864000309899; 55.7216996316375"
"https://data.mos.ru/opendata/918?pageNumber=3&versionNumber=5&releaseNumber=10","29
 
 Пункт проката велосипедов № 205","Комсомольский проспект, дом 37","37.5759000306105; 55.7219996314008"
"https://data.mos.ru/opendata/918?pageNumber=3&versionNumber=5&releaseNumber=10","30
 
 Пункт проката велосипедов № 206","Фрунзенская набережная, дом 44, строение 1","37.5835000303067; 55.7191996312472"
"https://data.mos.ru/opendata/918?pageNumber=4&versionNumber=5&releaseNumber=10","31
 
 Пункт проката велосипедов № 207","Фрунзенская набережная, дом 54","37.578000030314; 55.7154996316194"
"https://data.mos.ru/opendata/918?pageNumber=4&versionNumber=5&releaseNumber=10","32
 
 Пункт проката велосипедов № 210","Лужнецкая набережная, дом 2/4, строение 68","37.5695000309841; 55.7125996315146"
"https://data.mos.ru/opendata/918?pageNumber=4&versionNumber=5&releaseNumber=10","33
 
 Пункт проката велосипедов № 211","Лужнецкая набережная, дом 24, строение 20","37.5600000302854; 55.7115996313345"
"https://data.mos.ru/opendata/918?pageNumber=4&versionNumber=5&releaseNumber=10","34
 
 Пункт проката велосипедов № 212","Хамовнический Вал ул., д.40, стр.1","37.550408; 55.727605"
"https://data.mos.ru/opendata/918?pageNumber=4&versionNumber=5&releaseNumber=10","35
 
 Пункт проката велосипедов № 39","улица Покровка, дом 7/9-11","37.6425000305458; 55.7589996314596"
"https://data.mos.ru/opendata/918?pageNumber=4&versionNumber=5&releaseNumber=10","36
 
 Пункт проката велосипедов № 209","улица Хамовнический Вал, дом 36А","37.5617000299781; 55.7217996316616"
"https://data.mos.ru/opendata/918?pageNumber=4&versionNumber=5&releaseNumber=10","37
 
 Пункт проката велосипедов № 152","Турчанинов пер., д.3, стр.1","37.595827; 55.736415"
"https://data.mos.ru/opendata/918?pageNumber=4&versionNumber=5&releaseNumber=10","38
 
 Пункт проката велосипедов № 301","Университетский проспект, дом 13","37.5456000301173; 55.7007996315347"
"https://data.mos.ru/opendata/918?pageNumber=4&versionNumber=5&releaseNumber=10","39
 
 Пункт проката велосипедов № 359","Ломоносовский проспект, дом 66","37.5341000306162; 55.6945996312153"
"https://data.mos.ru/opendata/918?pageNumber=4&versionNumber=5&releaseNumber=10","40
 
 Пункт проката велосипедов № 53","улица Новый Арбат, дом 21","37.5418000307541; 55.7082996316199"
"https://data.mos.ru/opendata/918?pageNumber=5&versionNumber=5&releaseNumber=10","41
 
 Пункт проката велосипедов № 75","Климентовский переулок, дом 23, строение 1","37.6256000305275; 55.7407996316865"
"https://data.mos.ru/opendata/918?pageNumber=5&versionNumber=5&releaseNumber=10","42
 
 Пункт проката велосипедов № 70","Лаврушинский переулок, дом 4, строение 1","37.6202000301054; 55.7428996314809"
"https://data.mos.ru/opendata/918?pageNumber=5&versionNumber=5&releaseNumber=10","43
 
 Пункт проката велосипедов № 57","Раушская наб., д.14","37.632493; 55.74809"
"https://data.mos.ru/opendata/918?pageNumber=5&versionNumber=5&releaseNumber=10","44
 
 Пункт проката велосипедов № 56","Берсеневская набережная, дом 2, строение 1","37.6108000302665; 55.7451996317838"
"https://data.mos.ru/opendata/918?pageNumber=5&versionNumber=5&releaseNumber=10","45
 
 Пункт проката велосипедов № 216","Большая Пироговская улица, дом 5","37.5813000301677; 55.7363996316233"
"https://data.mos.ru/opendata/918?pageNumber=5&versionNumber=5&releaseNumber=10","46
 
 Пункт проката велосипедов № 215","Большая Пироговская улица, дом 15/18, строение 1","37.5754000310443; 55.7337996317059"
"https://data.mos.ru/opendata/918?pageNumber=5&versionNumber=5&releaseNumber=10","47
 
 Пункт проката велосипедов № 217","Усачёва улица, дом 2, строение 1","37.5770000302659; 55.7306996314934"
"https://data.mos.ru/opendata/918?pageNumber=5&versionNumber=5&releaseNumber=10","48
 
 Пункт проката велосипедов № 218","Комсомольский проспект, дом 28","37.5807000309985; 55.7263996313361"
"https://data.mos.ru/opendata/918?pageNumber=5&versionNumber=5&releaseNumber=10","49
 
 Пункт проката велосипедов № 214","Большая Пироговская улица, дом 2, строение 4","37.5692000305494; 55.7310996313758"
"https://data.mos.ru/opendata/918?pageNumber=5&versionNumber=5&releaseNumber=10","50
 
 Пункт проката велосипедов № 208","Усачёва улица, дом 29, корпус 3","37.5652000297862; 55.7237996316335"
"https://data.mos.ru/opendata/918?pageNumber=6&versionNumber=5&releaseNumber=10","51
 
 Пункт проката велосипедов № 213","Новодевичий проезд, дом 1","37.5596000302842; 55.726899631373"
"https://data.mos.ru/opendata/918?pageNumber=6&versionNumber=5&releaseNumber=10","52
 
 Пункт проката велосипедов № 219","улица Хамовнический Вал, дом 24","37.5704000306199; 55.7192996315924"
"https://data.mos.ru/opendata/918?pageNumber=6&versionNumber=5&releaseNumber=10","53
 
 Пункт проката велосипедов № 43","Большой Патриарший переулок, дом 7, строение 1","37.593100030254; 55.7634996315563"
"https://data.mos.ru/opendata/918?pageNumber=6&versionNumber=5&releaseNumber=10","54
 
 Пункт проката велосипедов № 50","улица Новый Арбат, дом 1, строение 2","37.5998000303116; 55.7525996316768"
"https://data.mos.ru/opendata/918?pageNumber=6&versionNumber=5&releaseNumber=10","55
 
 Пункт проката велосипедов № 4","Никитская Малая ул., д.24, стр.2","37.587544; 55.759184"
"https://data.mos.ru/opendata/918?pageNumber=6&versionNumber=5&releaseNumber=10","56
 
 Пункт проката велосипедов № 51","Арбат Новый ул., д.22","37.588773; 55.752805"
"https://data.mos.ru/opendata/918?pageNumber=6&versionNumber=5&releaseNumber=10","57
 
 Пункт проката велосипедов № 44","Благовещенский переулок, дом 1","37.5964000309689; 55.7663996316008"
"https://data.mos.ru/opendata/918?pageNumber=6&versionNumber=5&releaseNumber=10","58
 
 Пункт проката велосипедов № 54","переулок Сивцев Вражек, дом 26, строение 1","37.5919000310261; 55.7474996315216"
"https://data.mos.ru/opendata/918?pageNumber=6&versionNumber=5&releaseNumber=10","59
 
 Пункт проката велосипедов № 154","Ленинский пр-кт., д.4","37.610641; 55.728396"
"https://data.mos.ru/opendata/918?pageNumber=6&versionNumber=5&releaseNumber=10","60
 
 Пункт проката велосипедов № 74","улица Большая Полянка, дом 50/1, строение 1","37.6203000305423; 55.7320996315628"
"https://data.mos.ru/opendata/918?pageNumber=7&versionNumber=5&releaseNumber=10","61
 
 Пункт проката велосипедов № 59","Житная ул., д.16","37.612529; 55.730775"
"https://data.mos.ru/opendata/918?pageNumber=7&versionNumber=5&releaseNumber=10","62
 
 Пункт проката велосипедов № 220","Усачёва ул., д.26","37.568113; 55.72731"
"https://data.mos.ru/opendata/918?pageNumber=7&versionNumber=5&releaseNumber=10","63
 
 Пункт проката велосипедов № 243","Саввинская набережная, дом 9","37.5682000304822; 55.7367996317717"
"https://data.mos.ru/opendata/918?pageNumber=7&versionNumber=5&releaseNumber=10","64
 
 Пункт проката велосипедов № 403","улица Фадеева, дом 4","37.5997000307949; 55.7741996318174"
"https://data.mos.ru/opendata/918?pageNumber=7&versionNumber=5&releaseNumber=10","65
 
 Пункт проката велосипедов № 401","2-я Тверская-Ямская улица, дом 54","37.5900000304819; 55.7750996315566"
"https://data.mos.ru/opendata/918?pageNumber=7&versionNumber=5&releaseNumber=10","66
 
 Пункт проката велосипедов № 232","2-я Брестская улица, дом 31","37.5859000306041; 55.7730996318336"
"https://data.mos.ru/opendata/918?pageNumber=7&versionNumber=5&releaseNumber=10","67
 
 Пункт проката велосипедов № 233","улица Гашека, дом 2, строение 1","37.5879000307509; 55.7676996318006"
"https://data.mos.ru/opendata/918?pageNumber=7&versionNumber=5&releaseNumber=10","68
 
 Пункт проката велосипедов № 221","улица Красная Пресня, дом 31","37.563500030181; 55.7623996318625"
"https://data.mos.ru/opendata/918?pageNumber=7&versionNumber=5&releaseNumber=10","69
 
 Пункт проката велосипедов № 222","Мантулинская улица, дом 2","37.5590000302951; 55.7567996317517"
"https://data.mos.ru/opendata/918?pageNumber=7&versionNumber=5&releaseNumber=10","70
 
 Пункт проката велосипедов № 223","Мантулинская улица, дом 5, строение 21","37.5513000301866; 55.7559996314479"
"https://data.mos.ru/opendata/918?pageNumber=8&versionNumber=5&releaseNumber=10","71
 
 Пункт проката велосипедов № 227","Краснопресненская набережная, дом 16, строение 1","37.5517000302073; 55.7515996314128"
"https://data.mos.ru/opendata/918?pageNumber=8&versionNumber=5&releaseNumber=10","72
 
 Пункт проката велосипедов № 239","Нововаганьковский пер., д.9","37.565988; 55.759044"
"https://data.mos.ru/opendata/918?pageNumber=8&versionNumber=5&releaseNumber=10","73
 
 Пункт проката велосипедов № 238","улица 1905 Года, дом 4, строение 2","37.5612000304665; 55.7636996315019"
"https://data.mos.ru/opendata/918?pageNumber=8&versionNumber=5&releaseNumber=10","74
 
 Пункт проката велосипедов № 345","улица Косыгина, дом 2, строение 19","37.5773000306933; 55.7082996315943"
"https://data.mos.ru/opendata/918?pageNumber=8&versionNumber=5&releaseNumber=10","75
 
 Пункт проката велосипедов № 344","улица Косыгина, дом 8, строение 2","37.5648000306252; 55.7066996312946"
"https://data.mos.ru/opendata/918?pageNumber=8&versionNumber=5&releaseNumber=10","76
 
 Пункт проката велосипедов № 360","площадь Джавахарлала Неру, дом 1","37.535200030244; 55.6930996315177"
"https://data.mos.ru/opendata/918?pageNumber=8&versionNumber=5&releaseNumber=10","77
 
 Пункт проката велосипедов № 350","улица Вавилова, дом 55/7","37.5624000304235; 55.6914996311015"
"https://data.mos.ru/opendata/918?pageNumber=8&versionNumber=5&releaseNumber=10","78
 
 Пункт проката велосипедов № 362","Нахимовский проспект, дом 46","37.5620000303711; 55.6785996313647"
"https://data.mos.ru/opendata/918?pageNumber=8&versionNumber=5&releaseNumber=10","79
 
 Пункт проката велосипедов № 320","Ленинский проспект, дом 73/8","37.5466000301657; 55.6881996311679"
"https://data.mos.ru/opendata/918?pageNumber=8&versionNumber=5&releaseNumber=10","80
 
 Пункт проката велосипедов № 319","Ленинский проспект, дом 69","37.5508000304755; 55.690299631133"
"https://data.mos.ru/opendata/918?pageNumber=9&versionNumber=5&releaseNumber=10","81
 
 Пункт проката велосипедов № 310","Ленинский проспект, дом 34/1","37.5508000304755; 55.690299631133"
"https://data.mos.ru/opendata/918?pageNumber=9&versionNumber=5&releaseNumber=10","82
 
 Пункт проката велосипедов № 311","Ленинский проспект, дом 54","37.5608000303181; 55.6975996310698"
"https://data.mos.ru/opendata/918?pageNumber=9&versionNumber=5&releaseNumber=10","83
 
 Пункт проката велосипедов № 313","Ленинский проспект, дом 66","37.5501000299772; 55.69129963114"
"https://data.mos.ru/opendata/918?pageNumber=9&versionNumber=5&releaseNumber=10","84
 
 Пункт проката велосипедов № 31","улица Большая Дмитровка, дом 2","37.6165000302931; 55.7590996314824"
"https://data.mos.ru/opendata/918?pageNumber=9&versionNumber=5&releaseNumber=10","85
 
 Пункт проката велосипедов № 32","улица Большая Дмитровка, дом 5/6, строение 5","37.6158000306884; 55.7597996314111"
"https://data.mos.ru/opendata/918?pageNumber=9&versionNumber=5&releaseNumber=10","86
 
 Пункт проката велосипедов № 343","улица Косыгина, дом 18, строение 2","37.5552000299272; 55.7063996314467"
"https://data.mos.ru/opendata/918?pageNumber=9&versionNumber=5&releaseNumber=10","87
 
 Пункт проката велосипедов № 358","Ломоносовский проспект, дом 27","37.5284000306586; 55.6983996310883"
"https://data.mos.ru/opendata/918?pageNumber=9&versionNumber=5&releaseNumber=10","88
 
 Пункт проката велосипедов № 356","Ломоносовский проспект, дом 27, корпус 4","37.522600029888; 55.7016996311884"
"https://data.mos.ru/opendata/918?pageNumber=9&versionNumber=5&releaseNumber=10","89
 
 Пункт проката велосипедов № 349","территория Ленинские Горы, дом 1","37.5355000307414; 55.7061996312902"
"https://data.mos.ru/opendata/918?pageNumber=9&versionNumber=5&releaseNumber=10","90
 
 Пункт проката велосипедов № 357","Ломоносовский проспект, дом 27","37.5237000303966; 55.6992996313219"
"https://data.mos.ru/opendata/918?pageNumber=10&versionNumber=5&releaseNumber=10","91
 
 Пункт проката велосипедов № 72","Космодамианская наб., д.46/50","37.645868; 55.73664"
"https://data.mos.ru/opendata/918?pageNumber=10&versionNumber=5&releaseNumber=10","92
 
 Пункт проката велосипедов № 402","Лесная улица, дом 5","37.5867000306759; 55.7774996319716"
"https://data.mos.ru/opendata/918?pageNumber=10&versionNumber=5&releaseNumber=10","93
 
 Пункт проката велосипедов № 234","Большая Грузинская улица, дом 39","37.5822000307559; 55.770199631928"
"https://data.mos.ru/opendata/918?pageNumber=10&versionNumber=5&releaseNumber=10","94
 
 Пункт проката велосипедов № 241","7-й Ростовский переулок, дом 11","37.5727000303954; 55.7402996317089"
"https://data.mos.ru/opendata/918?pageNumber=10&versionNumber=5&releaseNumber=10","95
 
 Пункт проката велосипедов № 244","улица Плющиха, дом 39","37.5767000307108; 55.7401996315411"
"https://data.mos.ru/opendata/918?pageNumber=10&versionNumber=5&releaseNumber=10","96
 
 Пункт проката велосипедов № 315","Ленинский проспект, дом 9","37.6054000306981; 55.7239996312297"
"https://data.mos.ru/opendata/918?pageNumber=10&versionNumber=5&releaseNumber=10","97
 
 Пункт проката велосипедов № 317","Ленинский проспект, дом 33","37.5877000306241; 55.7119996315257"
"https://data.mos.ru/opendata/918?pageNumber=10&versionNumber=5&releaseNumber=10","98
 
 Пункт проката велосипедов № 40","улица Солянка, дом 8","37.6384000306604; 55.7526996313817"
"https://data.mos.ru/opendata/918?pageNumber=10&versionNumber=5&releaseNumber=10","99
 
 Пункт проката велосипедов № 58","Серебряническая набережная, дом 29","37.6549000310594; 55.7505996316932"
"https://data.mos.ru/opendata/918?pageNumber=10&versionNumber=5&releaseNumber=10","100
 
 Пункт проката велосипедов № 377","Чертановская улица, дом 7, строение 2","37.604700030031; 55.6397996309842"
"https://data.mos.ru/opendata/918?pageNumber=11&versionNumber=5&releaseNumber=10","101
 
 Пункт проката велосипедов № 378","Северное Чертаново мкрн., д.4, к.401","37.594645; 55.636531"
"https://data.mos.ru/opendata/918?pageNumber=11&versionNumber=5&releaseNumber=10","102
 
 Пункт проката велосипедов № 383","улица Миклухо-Маклая, дом 44","37.5425000302172; 55.6375996308807"
"https://data.mos.ru/opendata/918?pageNumber=11&versionNumber=5&releaseNumber=10","103
 
 Пункт проката велосипедов № 382","Профсоюзная улица, дом 91","37.5266000300119; 55.6418996308978"
"https://data.mos.ru/opendata/918?pageNumber=11&versionNumber=5&releaseNumber=10","104
 
 Пункт проката велосипедов № 379","улица Введенского, дом 13А","37.5410000305658; 55.6422996311322"
"https://data.mos.ru/opendata/918?pageNumber=11&versionNumber=5&releaseNumber=10","105
 
 Пункт проката велосипедов № 355","Ломоносовский проспект, дом 29, корпус 3","37.5142000303056; 55.7051996312951"
"https://data.mos.ru/opendata/918?pageNumber=11&versionNumber=5&releaseNumber=10","106
 
 Пункт проката велосипедов № 312","Ленинский проспект, дом 60/2","37.5561000304205; 55.6948996315233"
"https://data.mos.ru/opendata/918?pageNumber=11&versionNumber=5&releaseNumber=10","107
 
 Пункт проката велосипедов № 12","Цветной б-р","37.621565; 55.767876"
"https://data.mos.ru/opendata/918?pageNumber=11&versionNumber=5&releaseNumber=10","108
 
 Пункт проката велосипедов № 352","улица Академика Хохлова, дом 1Н, корпус Г","37.5284000306684; 55.7030996313825"
"https://data.mos.ru/opendata/918?pageNumber=11&versionNumber=5&releaseNumber=10","109
 
 Пункт проката велосипедов № 38","улица Маросейка, дом 11","37.636100030039; 55.7576996318278"
"https://data.mos.ru/opendata/918?pageNumber=11&versionNumber=5&releaseNumber=10","110
 
 Пункт проката велосипедов № 77","Пятницкая улица, дом 41","37.6282000307271; 55.7377996315902"
"https://data.mos.ru/opendata/918?pageNumber=12&versionNumber=5&releaseNumber=10","111
 
 Пункт проката велосипедов № 441","Проспект Мира, дом 41, строение 2","37.6317200307252; 55.7814946317342"
"https://data.mos.ru/opendata/918?pageNumber=12&versionNumber=5&releaseNumber=10","112
 
 Пункт проката велосипедов № 405","улица Новолесная, дом 1/49","37.5923470309799; 55.7813346315846"
"https://data.mos.ru/opendata/918?pageNumber=12&versionNumber=5&releaseNumber=10","113
 
 Пункт проката велосипедов № 237","улица Пресненский вал, дом 24","37.5655520306645; 55.7694446317771"
"https://data.mos.ru/opendata/918?pageNumber=12&versionNumber=5&releaseNumber=10","114
 
 Пункт проката велосипедов № 363","Нахимовский проспект, дом 24","37.5827210300643; 55.6716556311667"
"https://data.mos.ru/opendata/918?pageNumber=12&versionNumber=5&releaseNumber=10","115
 
 Пункт проката велосипедов № 365","улица Гарибальди, дом 1А","37.5326320307106; 55.6787146313017"
"https://data.mos.ru/opendata/918?pageNumber=12&versionNumber=5&releaseNumber=10","116
 
 Пункт проката велосипедов № 369","улица Удальцова, дом 2","37.5196980304603; 55.671387630929"
"https://data.mos.ru/opendata/918?pageNumber=12&versionNumber=5&releaseNumber=10","117
 
 Пункт проката велосипедов № 300","Мичуринский проспект, дом 12, корпус 1","37.5075550302985; 55.7030256312888"
"https://data.mos.ru/opendata/918?pageNumber=12&versionNumber=5&releaseNumber=10","118
 
 Пункт проката велосипедов № 340","улица Шаболовка, дом 32","37.6086480306197; 55.7180266311809"
"https://data.mos.ru/opendata/918?pageNumber=12&versionNumber=5&releaseNumber=10","119
 
 Пункт проката велосипедов № 316","Ленинский проспект, дом 15A","37.6003710308838; 55.7211196315014"
"https://data.mos.ru/opendata/918?pageNumber=12&versionNumber=5&releaseNumber=10","120
 
 Пункт проката велосипедов № 364","улица Марии Ульяновой, дом 16","37.5198870306255; 55.6837236312349"
"https://data.mos.ru/opendata/918?pageNumber=13&versionNumber=5&releaseNumber=10","121
 
 Пункт проката велосипедов № 380","улица Миклухо-Маклая, дом 6","37.5001510302339; 55.6535056312206"
"https://data.mos.ru/opendata/918?pageNumber=13&versionNumber=5&releaseNumber=10","122
 
 Пункт проката велосипедов № 370","улица Воронцовские пруды, дом 3","37.5373400300733; 55.6646196309409"
"https://data.mos.ru/opendata/918?pageNumber=13&versionNumber=5&releaseNumber=10","123
 
 Пункт проката велосипедов № 331","улица Профсоюзная, дом 46, корпус 1","37.5573070301408; 55.6733616312677"
"https://data.mos.ru/opendata/918?pageNumber=13&versionNumber=5&releaseNumber=10","124
 
 Пункт проката велосипедов № 330","улица Профсоюзная, дом 7/12","37.5701820309889; 55.6843466312504"
"https://data.mos.ru/opendata/918?pageNumber=13&versionNumber=5&releaseNumber=10","125
 
 Пункт проката велосипедов № 122","Цветной бульвар, дом 34, строение 1","37.6212100302863; 55.7731396315255"
"https://data.mos.ru/opendata/918?pageNumber=13&versionNumber=5&releaseNumber=10","126
 
 Пункт проката велосипедов № 332","улица Профсоюзная, дом 58/32, корпус 2","37.5529430297965; 55.66903963133"
"https://data.mos.ru/opendata/918?pageNumber=13&versionNumber=5&releaseNumber=10","127
 
 Пункт проката велосипедов № 334","улица Профсоюзная, дом 104","37.5256200300439; 55.6420096309168"
"https://data.mos.ru/opendata/918?pageNumber=13&versionNumber=5&releaseNumber=10","128
 
 Пункт проката велосипедов № 442","Проспект Мира, дом 69, строение 1","37.6350800308198; 55.7868896315741"
"https://data.mos.ru/opendata/918?pageNumber=13&versionNumber=5&releaseNumber=10","129
 
 Пункт проката велосипедов № 413","улица Новосущевская, дом 22, строение 8","37.6045500305324; 55.7893496316056"
"https://data.mos.ru/opendata/918?pageNumber=13&versionNumber=5&releaseNumber=10","130
 
 Пункт проката велосипедов № 302","Проспект Вернадского, дом 11/19","37.5306000308009; 55.6897696313312"
"https://data.mos.ru/opendata/918?pageNumber=14&versionNumber=5&releaseNumber=10","131
 
 Пункт проката велосипедов № 303","Проспект Вернадского, дом 14","37.5045800302833; 55.6765396311961"
"https://data.mos.ru/opendata/918?pageNumber=14&versionNumber=5&releaseNumber=10","132
 
 Пункт проката велосипедов № 314","Ленинский проспект, дом 86","37.529599030879; 55.6780876312947"
"https://data.mos.ru/opendata/918?pageNumber=14&versionNumber=5&releaseNumber=10","133
 
 Пункт проката велосипедов № 346","Ленинский пр-кт., д.27","37.593068; 55.715984"
"https://data.mos.ru/opendata/918?pageNumber=14&versionNumber=5&releaseNumber=10","134
 
 Пункт проката велосипедов № 73","улица Большая Полянка, дом 33/41, строение 1","37.6194700303497; 55.7362296316234"
"https://data.mos.ru/opendata/918?pageNumber=14&versionNumber=5&releaseNumber=10","135
 
 Пункт проката велосипедов № 387","станция метро ""Коньково""","37.520416030421; 55.6337596307742"
"https://data.mos.ru/opendata/918?pageNumber=14&versionNumber=5&releaseNumber=10","136
 
 Пункт проката велосипедов № 321","Ленинский проспект, дом 79","37.5406200307101; 55.683959631175"
"https://data.mos.ru/opendata/918?pageNumber=14&versionNumber=5&releaseNumber=10","137
 
 Пункт проката велосипедов № 76","улица Пятницкая, дом 25, строение 1Д","37.6286510308188; 55.7414846316869"
"https://data.mos.ru/opendata/918?pageNumber=14&versionNumber=5&releaseNumber=10","138
 
 Пункт проката велосипедов № 432","улица Щепкина, дом 61/2 строение 22","37.6290870309216; 55.7886016319906"
"https://data.mos.ru/opendata/918?pageNumber=14&versionNumber=5&releaseNumber=10","139
 
 Пункт проката велосипедов № 431","Олимпийский проспект, дом 22","37.6224900307705; 55.7860786315997"
"https://data.mos.ru/opendata/918?pageNumber=14&versionNumber=5&releaseNumber=10","140
 
 Пункт проката велосипедов № 229","Звенигородское шоссе, дом 7","37.5529390306753; 55.7642356314565"
"https://data.mos.ru/opendata/918?pageNumber=15&versionNumber=5&releaseNumber=10","141
 
 Пункт проката велосипедов № 228","Шмитовский проезд, дом 16, строение 2","37.5456410302344; 55.7574896316301"
"https://data.mos.ru/opendata/918?pageNumber=15&versionNumber=5&releaseNumber=10","142
 
 Пункт проката велосипедов № 354","Ломоносовский проспект, дом 43/40","37.5072890301898; 55.7104126313844"
"https://data.mos.ru/opendata/918?pageNumber=15&versionNumber=5&releaseNumber=10","143
 
 Пункт проката велосипедов № 146","Радищевская Верхняя ул., д.22","37.653802; 55.742338"
"https://data.mos.ru/opendata/918?pageNumber=15&versionNumber=5&releaseNumber=10","144
 
 Пункт проката велосипедов № 361","Ломоносовкий проспект, дом 2/62, строение 8","37.5520450298593; 55.684711631095"
"https://data.mos.ru/opendata/918?pageNumber=15&versionNumber=5&releaseNumber=10","145
 
 Пункт проката велосипедов № 47","Каретный Ряд ул., д.3, стр.11","37.611362; 55.770122"
"https://data.mos.ru/opendata/918?pageNumber=15&versionNumber=5&releaseNumber=10","146
 
 Пункт проката велосипедов № 462","Рязанский проезд, Комсомольская площадь, дом 2","37.6545900305854; 55.772517631866"
"https://data.mos.ru/opendata/918?pageNumber=15&versionNumber=5&releaseNumber=10","147
 
 Пункт проката велосипедов № 440","Проспект мира, дом 40","37.6333190301251; 55.7799446317316"
"https://data.mos.ru/opendata/918?pageNumber=15&versionNumber=5&releaseNumber=10","148
 
 Пункт проката велосипедов № 430","Олимпийский проспект, дом 14","37.622634030697; 55.7791016318708"
"https://data.mos.ru/opendata/918?pageNumber=15&versionNumber=5&releaseNumber=10","149
 
 Пункт проката велосипедов № 411","улица Селезневская, дом 29, строение 1","37.6137390304726; 55.7814096315765"
"https://data.mos.ru/opendata/918?pageNumber=15&versionNumber=5&releaseNumber=10","150
 
 Пункт проката велосипедов № 420","улица Советской Армии, дом 2, строение 1","37.6165040305403; 55.7852586316984"
"https://data.mos.ru/opendata/918?pageNumber=16&versionNumber=5&releaseNumber=10","151
 
 Пункт проката велосипедов № 236","улица Малая Грузинская, дом 19/2","37.572071030986; 55.7656126318856"
"https://data.mos.ru/opendata/918?pageNumber=16&versionNumber=5&releaseNumber=10","152
 
 Пункт проката велосипедов № 374","улица Обручева, дом 33 А","37.5529780299228; 55.6512516311077"
"https://data.mos.ru/opendata/918?pageNumber=16&versionNumber=5&releaseNumber=10","153
 
 Пункт проката велосипедов № 367","Севастопольский проспект, дом 28, корпус 4","37.576526030475; 55.6619446308436"
"https://data.mos.ru/opendata/918?pageNumber=16&versionNumber=5&releaseNumber=10","154
 
 Пункт проката велосипедов № 372","улица Каховка, дом 29 А","37.5704460305219; 55.6567256309898"
"https://data.mos.ru/opendata/918?pageNumber=16&versionNumber=5&releaseNumber=10","155
 
 Пункт проката велосипедов № 375","улица Обручева, дом 65/54","37.5642010303056; 55.6502106308166"
"https://data.mos.ru/opendata/918?pageNumber=16&versionNumber=5&releaseNumber=10","156
 
 Пункт проката велосипедов № 386","улица Островитянова, дом 29/120","37.5199160299436; 55.6344676310743"
"https://data.mos.ru/opendata/918?pageNumber=16&versionNumber=5&releaseNumber=10","157
 
 Пункт проката велосипедов № 333","улица Профсоюзная, дом 61 А","37.5396880303538; 55.656260631258"
"https://data.mos.ru/opendata/918?pageNumber=16&versionNumber=5&releaseNumber=10","158
 
 Пункт проката велосипедов № 371","улица Новочеремушкинская, дом 71/32","37.5593410305987; 55.660895630845"
"https://data.mos.ru/opendata/918?pageNumber=16&versionNumber=5&releaseNumber=10","159
 
 Пункт проката велосипедов № 422","улица Советской Армии, дом 17/52","37.6160460307964; 55.7925746320636"
"https://data.mos.ru/opendata/918?pageNumber=16&versionNumber=5&releaseNumber=10","160
 
 Пункт проката велосипедов № 421","Советской Армии ул., д.8","37.616962; 55.787457"
"https://data.mos.ru/opendata/918?pageNumber=17&versionNumber=5&releaseNumber=10","161
 
 Пункт проката велосипедов № 414","улица Образцова, дм 19 А","37.6099310306905; 55.7891726317647"
"https://data.mos.ru/opendata/918?pageNumber=17&versionNumber=5&releaseNumber=10","162
 
 Пункт проката велосипедов № 415","улица Сущевский Вал, дом 2","37.5909040303337; 55.7913736317739"
"https://data.mos.ru/opendata/918?pageNumber=17&versionNumber=5&releaseNumber=10","163
 
 Пункт проката велосипедов № 347","улица Шверника, дом 13, корпус 1","37.5893050307324; 55.6913936314023"
"https://data.mos.ru/opendata/918?pageNumber=17&versionNumber=5&releaseNumber=10","164
 
 Пункт проката велосипедов № 461","Орликов переулок, дом 3, строение 7","37.6466710305875; 55.7719646315597"
"https://data.mos.ru/opendata/918?pageNumber=17&versionNumber=5&releaseNumber=10","165
 
 Пункт проката велосипедов № 78","улица Пятницкая, дом 48, строение 1","37.6276510307287; 55.7353626314668"
"https://data.mos.ru/opendata/918?pageNumber=17&versionNumber=5&releaseNumber=10","166
 
 Пункт проката велосипедов № 318","Ленинский проспект, дом 45","37.5729900307466; 55.7032496310727"
"https://data.mos.ru/opendata/918?pageNumber=17&versionNumber=5&releaseNumber=10","167
 
 Пункт проката велосипедов № 385","улица Островитянова, дом 7","37.4951320314162; 55.6439846311257"
"https://data.mos.ru/opendata/918?pageNumber=17&versionNumber=5&releaseNumber=10","168
 
 Пункт проката велосипедов № 353","улица Криворожская, дом 33 Г","37.6089930303114; 55.6717976309133"
"https://data.mos.ru/opendata/918?pageNumber=17&versionNumber=5&releaseNumber=10","169
 
 Пункт проката велосипедов № 470","улица Академика Королева, дом 8 А","37.6236000305195; 55.8216846321467"
"https://data.mos.ru/opendata/918?pageNumber=17&versionNumber=5&releaseNumber=10","170
 
 Пункт проката велосипедов № 471","улица Академика Королева, дом 12 Б","37.6104880302438; 55.8217426321853"
"https://data.mos.ru/opendata/918?pageNumber=18&versionNumber=5&releaseNumber=10","171
 
 Пункт проката велосипедов № 472","Звездный бульвар, дом 18/1","37.6301870306081; 55.8154856321665"
"https://data.mos.ru/opendata/918?pageNumber=18&versionNumber=5&releaseNumber=10","172
 
 Пункт проката велосипедов № 417","улица Шереметьевская, дом 2","37.6171560304812; 55.7934566319899"
"https://data.mos.ru/opendata/918?pageNumber=18&versionNumber=5&releaseNumber=10","173
 
 Пункт проката велосипедов № 450","улица Сергея Эйзенштейна, дом 8","37.6374390301859; 55.8333376320886"
"https://data.mos.ru/opendata/918?pageNumber=18&versionNumber=5&releaseNumber=10","174
 
 Пункт проката велосипедов № 446","Проспект Мира, дом 163","37.6542310306886; 55.8344076320476"
"https://data.mos.ru/opendata/918?pageNumber=18&versionNumber=5&releaseNumber=10","175
 
 Пункт проката велосипедов № 444","Проспект Мира, дом 111 А","37.6384570306812; 55.8194036321296"
"https://data.mos.ru/opendata/918?pageNumber=18&versionNumber=5&releaseNumber=10","176
 
 Пункт проката велосипедов № 464","улица Ботаническая, дом 4, строение 3","37.6010390309146; 55.8301946321182"
"https://data.mos.ru/opendata/918?pageNumber=18&versionNumber=5&releaseNumber=10","177
 
 Пункт проката велосипедов № 480","улица Яблочково, дом 18","37.580688030595; 55.8207246321307"
"https://data.mos.ru/opendata/918?pageNumber=18&versionNumber=5&releaseNumber=10","178
 
 Пункт проката велосипедов № 481","улица Милашенкова, дом 12","37.5804080311265; 55.8278966322077"
"https://data.mos.ru/opendata/918?pageNumber=18&versionNumber=5&releaseNumber=10","179
 
 Пункт проката велосипедов № 469","Академика Королёва ул., д.15, к.2","37.615739; 55.818916"
"https://data.mos.ru/opendata/918?pageNumber=18&versionNumber=5&releaseNumber=10","180
 
 Пункт проката велосипедов № 482","улица Руставели, дом 13/12, корпус 1","37.5945970305461; 55.8133036320476"
"https://data.mos.ru/opendata/918?pageNumber=19&versionNumber=5&releaseNumber=10","181
 
 Пункт проката велосипедов № 410","2-й Щемиловский переулок, дом 14/29","37.6089180301725; 55.7783846316337"
"https://data.mos.ru/opendata/918?pageNumber=19&versionNumber=5&releaseNumber=10","182
 
 Пункт проката велосипедов № 373","улица Азовская, дом 24, корпус 2","37.5962530304329; 55.6524506310616"
"https://data.mos.ru/opendata/918?pageNumber=19&versionNumber=5&releaseNumber=10","183
 
 Пункт проката велосипедов № 341","улица Орджоникидзе, дом 11, строение 1/2","37.5943890308296; 55.7099076315169"
"https://data.mos.ru/opendata/918?pageNumber=19&versionNumber=5&releaseNumber=10","184
 
 Пункт проката велосипедов № 368","Симферопольский бульвар, дом 4","37.6080930306651; 55.6591906312631"
"https://data.mos.ru/opendata/918?pageNumber=19&versionNumber=5&releaseNumber=10","185
 
 Пункт проката велосипедов № 466","Продольный проезд","37.6391280308838; 55.8253606321738"
"https://data.mos.ru/opendata/918?pageNumber=19&versionNumber=5&releaseNumber=10","186
 
 Пункт проката велосипедов № 71","Космодамианская наб., д.22, стр.1","37.641452; 55.743213"
"https://data.mos.ru/opendata/918?pageNumber=19&versionNumber=5&releaseNumber=10","187
 
 Пункт проката велосипедов № 451","улица Сельскохозяйственная, дом 17, корпус 1","37.6365510302667; 55.8371436322977"
"https://data.mos.ru/opendata/918?pageNumber=19&versionNumber=5&releaseNumber=10","188
 
 Пункт проката велосипедов № 443","Проспект Мира, дом 97","37.6366170303375; 55.8085646316957"
"https://data.mos.ru/opendata/918?pageNumber=19&versionNumber=5&releaseNumber=10","189
 
 Пункт проката велосипедов № 80","улица Пятницкая, дом 2/38","37.6264640301737; 55.7458136313283"
"https://data.mos.ru/opendata/918?pageNumber=19&versionNumber=5&releaseNumber=10","190
 
 Пункт проката велосипедов № 81","Татарская Большая ул., д.19/13","37.633322; 55.739852"
"https://data.mos.ru/opendata/918?pageNumber=20&versionNumber=5&releaseNumber=10","191
 
 Пункт проката велосипедов № 84","улица Большая Татарская, дом 35, строение 3","37.6351130303424; 55.7375516313063"
"https://data.mos.ru/opendata/918?pageNumber=20&versionNumber=5&releaseNumber=10","192
 
 Пункт проката велосипедов № 388","Варшавское шоссе, дом 100","37.619266029965; 55.645198631162"
"https://data.mos.ru/opendata/918?pageNumber=20&versionNumber=5&releaseNumber=10","193
 
 Пункт проката велосипедов № 389","Улица 26-ти Бакинских Комиссаров, дом 2 Б","37.495249030709; 55.6559316311912"
"https://data.mos.ru/opendata/918?pageNumber=20&versionNumber=5&releaseNumber=10","194
 
 Пункт проката велосипедов № 60","Мясницкая ул., д.11","37.633093; 55.76169"
"https://data.mos.ru/opendata/918?pageNumber=20&versionNumber=5&releaseNumber=10","195
 
 Пункт проката велосипедов № 390","улица Академика Волгина, дом 6","37.5188750299125; 55.6524316312109"
"https://data.mos.ru/opendata/918?pageNumber=20&versionNumber=5&releaseNumber=10","196
 
 Пункт проката велосипедов № 393","Нахимовский проспект, дом 45, строение 1","37.5711130305535; 55.674872631126"
"https://data.mos.ru/opendata/918?pageNumber=20&versionNumber=5&releaseNumber=10","197
 
 Пункт проката велосипедов № 391","Нахимовский проспект, дом 11, корпус 1","37.6067960304948; 55.663716631196"
"https://data.mos.ru/opendata/918?pageNumber=20&versionNumber=5&releaseNumber=10","198
 
 Пункт проката велосипедов № 395","улица Дмитрия Ульянова, дом 32 А","37.5827770301666; 55.6845706312698"
"https://data.mos.ru/opendata/918?pageNumber=20&versionNumber=5&releaseNumber=10","199
 
 Пункт проката велосипедов № 396","улица Дмитрия Ульянова, дом 46","37.5954850302098; 55.6795616309228"
"https://data.mos.ru/opendata/918?pageNumber=20&versionNumber=5&releaseNumber=10","200
 
 Пункт проката велосипедов № 376","Балаклавский проспект, дом 34 корпус 1","37.5821710301927; 55.6454876309502"
"https://data.mos.ru/opendata/918?pageNumber=21&versionNumber=5&releaseNumber=10","201
 
 Пункт проката велосипедов № 381","улица Академика Волгина, дом 21","37.5129290299757; 55.6483426310289"
"https://data.mos.ru/opendata/918?pageNumber=21&versionNumber=5&releaseNumber=10","202
 
 Пункт проката велосипедов № 463","улица Каланчевская, дом 10, строение 3","37.6503370305466; 55.7762176317118"
"https://data.mos.ru/opendata/918?pageNumber=21&versionNumber=5&releaseNumber=10","203
 
 Пункт проката велосипедов № 423","улица Шереметьевская, дом 27","37.6153900306924; 55.8029126318228"
"https://data.mos.ru/opendata/918?pageNumber=21&versionNumber=5&releaseNumber=10","204
 
 Пункт проката велосипедов № 339","улица Обручева, дом 16, корпус 1","37.5148810304355; 55.6587976311405"
"https://data.mos.ru/opendata/918?pageNumber=21&versionNumber=5&releaseNumber=10","205
 
 Пункт проката велосипедов № 325","улица Болотниковская, дом 34, корпус 1","37.5941610302263; 55.6590756312262"
"https://data.mos.ru/opendata/918?pageNumber=21&versionNumber=5&releaseNumber=10","206
 
 Пункт проката велосипедов № 326","улица Каховка, дом 10/12, корпус 1","37.580711030722; 55.6535066311306"
"https://data.mos.ru/opendata/918?pageNumber=21&versionNumber=5&releaseNumber=10","207
 
 Пункт проката велосипедов № 338","пересечение улицы Новаторов и улицы Воронцовские Пруды","37.52649302993; 55.6670756310497"
"https://data.mos.ru/opendata/918?pageNumber=21&versionNumber=5&releaseNumber=10","208
 
 Пункт проката велосипедов № 327","Каховка ул., д.2","37.58856; 55.651673"
"https://data.mos.ru/opendata/918?pageNumber=21&versionNumber=5&releaseNumber=10","209
 
 Пункт проката велосипедов № 309","улица Болотниковская, парк 70-летия Победы","37.5712920306329; 55.6650686308632"
"https://data.mos.ru/opendata/918?pageNumber=21&versionNumber=5&releaseNumber=10","210
 
 Пункт проката велосипедов № 337","улица Академика Пилюгина, дом 18","37.5342590305701; 55.6683416311549"
"https://data.mos.ru/opendata/918?pageNumber=22&versionNumber=5&releaseNumber=10","211
 
 Пункт проката велосипедов № 328","Балаклавский проспект, дом 16","37.6045300301561; 55.6417566308125"
"https://data.mos.ru/opendata/918?pageNumber=22&versionNumber=5&releaseNumber=10","212
 
 Пункт проката велосипедов № 307","улица Вавилова, дом 24","37.5779450309319; 55.7011746313055"
"https://data.mos.ru/opendata/918?pageNumber=22&versionNumber=5&releaseNumber=10","213
 
 Пункт проката велосипедов № 250","Пресненская набережная, дом 6, строение 2","37.5391650304834; 55.7475086313928"
"https://data.mos.ru/opendata/918?pageNumber=22&versionNumber=5&releaseNumber=10","214
 
 Пункт проката велосипедов № 251","1-й Красногвардейский проезд, дом 13, строение 1","37.5409040305235; 55.7519106317686"
"https://data.mos.ru/opendata/918?pageNumber=22&versionNumber=5&releaseNumber=10","215
 
 Пункт проката велосипедов № 348","улица Мосфильмовская, дом 17-25","37.5171160308378; 55.7161666314609"
"https://data.mos.ru/opendata/918?pageNumber=22&versionNumber=5&releaseNumber=10","216
 
 Пункт проката велосипедов № 416","улица Сущевский Вал, дом 16, строение 1","37.6028090308459; 55.7924336320435"
"https://data.mos.ru/opendata/918?pageNumber=22&versionNumber=5&releaseNumber=10","217
 
 Пункт проката велосипедов № 85","Котельническая набережная, дом 1/15квк","37.6453810300396; 55.7482286314784"
"https://data.mos.ru/opendata/918?pageNumber=22&versionNumber=5&releaseNumber=10","218
 
 Пункт проката велосипедов № 392","Улофа Пальме ул., д.1","37.513749; 55.717872"
"https://data.mos.ru/opendata/918?pageNumber=22&versionNumber=5&releaseNumber=10","219
 
 Пункт проката велосипедов № 335","улица Профсоюзная, дом 82, корпус 1","37.53933303053; 55.6562606312582"
"https://data.mos.ru/opendata/918?pageNumber=22&versionNumber=5&releaseNumber=10","220
 
 Пункт проката велосипедов № 336","улица Профсоюзная, дом 88/20","37.5320200300159; 55.6506836307975"
"https://data.mos.ru/opendata/918?pageNumber=23&versionNumber=5&releaseNumber=10","221
 
 Пункт проката велосипедов № 394","Нахимовский проспект, дом 51/21","37.5628540299551; 55.6774096312307"
"https://data.mos.ru/opendata/918?pageNumber=23&versionNumber=5&releaseNumber=10","222
 
 Пункт проката велосипедов № 439","Проспект Мира, дом 11","37.6321330302671; 55.7760306316503"
"https://data.mos.ru/opendata/918?pageNumber=23&versionNumber=5&releaseNumber=10","223
 
 Пункт проката велосипедов № 465","улица 1-я Останкинская, дом 1 А","37.6172480306001; 55.8243136318297"
"https://data.mos.ru/opendata/918?pageNumber=23&versionNumber=5&releaseNumber=10","224
 
 Пункт проката велосипедов № 322","Ленинский проспект, дом 99","37.5204080300959; 55.6704246314026"
"https://data.mos.ru/opendata/918?pageNumber=23&versionNumber=5&releaseNumber=10","225
 
 Пункт проката велосипедов № 248","улица Большая Дорогомиловская, дом7/2","37.5576080305706; 55.7462536316087"
"https://data.mos.ru/opendata/918?pageNumber=23&versionNumber=5&releaseNumber=10","226
 
 Пункт проката велосипедов № 407","улица Селезневская, дом 28","37.6078560301741; 55.7806506318185"
"https://data.mos.ru/opendata/918?pageNumber=23&versionNumber=5&releaseNumber=10","227
 
 Пункт проката велосипедов № 484","улица Руставели, дом 6, корпус 5","37.5883750303157; 55.8123766318739"
"https://data.mos.ru/opendata/918?pageNumber=23&versionNumber=5&releaseNumber=10","228
 
 Пункт проката велосипедов № 398","Чонгарский бульвар, дом 1, корпус 1","37.6183240305251; 55.6531016308793"
"https://data.mos.ru/opendata/918?pageNumber=23&versionNumber=5&releaseNumber=10","229
 
 Пункт проката велосипедов № 399","Симферопольский бульвар, дом 15, корпус 5","37.6056510306319; 55.6537506311244"
"https://data.mos.ru/opendata/918?pageNumber=23&versionNumber=5&releaseNumber=10","230
 
 Пункт проката велосипедов № 473","улица академика Королева, дом 12А","37.6041330308449; 55.82170363211"
"https://data.mos.ru/opendata/918?pageNumber=24&versionNumber=5&releaseNumber=10","231
 
 Пункт проката велосипедов № 474","1-я Останкинская улица, дом 55","37.6340630301905; 55.823439632201"
"https://data.mos.ru/opendata/918?pageNumber=24&versionNumber=5&releaseNumber=10","232
 
 Пункт проката велосипедов № 445","Улица Сергея Эйзенштейна, дом 1","37.6472200311309; 55.8275256318864"
"https://data.mos.ru/opendata/918?pageNumber=24&versionNumber=5&releaseNumber=10","233
 
 Пункт проката велосипедов № 252","улица Льва Толстого, дом 21","37.5864290304289; 55.7342636316356"
"https://data.mos.ru/opendata/918?pageNumber=24&versionNumber=5&releaseNumber=10","234
 
 Пункт проката велосипедов № 408","улица Лесная , дом 63/43 строение 2","37.5964300302428; 55.7843416320197"
"https://data.mos.ru/opendata/918?pageNumber=24&versionNumber=5&releaseNumber=10","235
 
 Пункт проката велосипедов № 329","улица Гарибальди, дом 6, корпус 1","37.5378740300176; 55.6757316313374"
"https://data.mos.ru/opendata/918?pageNumber=24&versionNumber=5&releaseNumber=10","236
 
 Пункт проката велосипедов № 453","станция метро «Владыкино»","37.5899050307948; 55.8460226321708"
"https://data.mos.ru/opendata/918?pageNumber=24&versionNumber=5&releaseNumber=10","237
 
 Пункт проката велосипедов № 452","станция метро «Ботанический сад»","37.6370100307582; 55.8431326322213"
"https://data.mos.ru/opendata/918?pageNumber=24&versionNumber=5&releaseNumber=10","238
 
 Пункт проката велосипедов № 485","Дмитровское шоссе, дом 13 А","37.5741140309108; 55.8192376321313"
"https://data.mos.ru/opendata/918?pageNumber=24&versionNumber=5&releaseNumber=10","239
 
 Пункт проката велосипедов № 157","улица Крымский вал, дом 9, строение 1","37.6050510307353; 55.7319616316713"
"https://data.mos.ru/opendata/918?pageNumber=24&versionNumber=5&releaseNumber=10","240
 
 Пункт проката велосипедов № 27","Большая Никитская улица, дом 13","37.6047700305768; 55.7567436316802"
"https://data.mos.ru/opendata/918?pageNumber=25&versionNumber=5&releaseNumber=10","241
 
 Пункт проката велосипедов № 245","площадь Европы, дом 2","37.5692400307554; 55.7423206314766"
"https://data.mos.ru/opendata/918?pageNumber=25&versionNumber=5&releaseNumber=10","242
 
 Пункт проката велосипедов № 33","Столешников переулок, дом 11","37.6171890309345; 55.7631466318973"
"https://data.mos.ru/opendata/918?pageNumber=25&versionNumber=5&releaseNumber=10","243
 
 Пункт проката велосипедов № 483","Комсомольская площадь, дом 5","37.6593040307723; 55.7766286318038"
"https://data.mos.ru/opendata/918?pageNumber=25&versionNumber=5&releaseNumber=10","244
 
 Пункт проката велосипедов № 342","улица Мосфильмовская, дом 1, строение 4","37.5295040305389; 55.7233476312515"
"https://data.mos.ru/opendata/918?pageNumber=25&versionNumber=5&releaseNumber=10","245
 
 Пункт проката велосипедов № 7","Газетный переулок, дом 6","37.6086772304333; 55.7574177316519"
"https://data.mos.ru/opendata/918?pageNumber=25&versionNumber=5&releaseNumber=10","246
 
 Пункт проката велосипедов № 34","площадь Сретенские ворота, напротив дома 1","37.6315520304693; 55.7666466318556"
"https://data.mos.ru/opendata/918?pageNumber=25&versionNumber=5&releaseNumber=10","247
 
 Пункт проката велосипедов № 37","Чистопрудный бульвар","37.6392340301818; 55.7646976315254"
"https://data.mos.ru/opendata/918?pageNumber=25&versionNumber=5&releaseNumber=10","248
 
 Пункт проката велосипедов № 82","Болотная площадь","37.614937030847; 55.7442206316079"
"https://data.mos.ru/opendata/918?pageNumber=25&versionNumber=5&releaseNumber=10","249
 
 Пункт проката велосипедов № 83","улица Большая Якиманка, дом 18","37.6168620306534; 55.7396496313352"
"https://data.mos.ru/opendata/918?pageNumber=25&versionNumber=5&releaseNumber=10","250
 
 Пункт проката велосипедов № 119","улица Краснопролетарская","37.6086074304684; 55.7735328315582"
"https://data.mos.ru/opendata/918?pageNumber=26&versionNumber=5&releaseNumber=10","251
 
 Пункт проката велосипедов № 149","Павелецкая площадь, дом 1А","37.6370840301743; 55.7299596313198"
"https://data.mos.ru/opendata/918?pageNumber=26&versionNumber=5&releaseNumber=10","252
 
 Пункт проката велосипедов № 230","улица Малая Грузинская, дом 41","37.5730793306138; 55.7724732315484"
"https://data.mos.ru/opendata/918?pageNumber=26&versionNumber=5&releaseNumber=10","253
 
 Пункт проката велосипедов № 246","Кутузовский проспект , дом 7/4, строение 1","37.562222730041; 55.7490294318164"
"https://data.mos.ru/opendata/918?pageNumber=26&versionNumber=5&releaseNumber=10","254
 
 Пункт проката велосипедов № 253","Комсомольский проспект, 5/2","37.5924400307687; 55.7320796314143"
"https://data.mos.ru/opendata/918?pageNumber=26&versionNumber=5&releaseNumber=10","255
 
 Пункт проката велосипедов № 254","Шмитовский проезд, дом 9/5","37.5529300304438; 55.7585096318384"
"https://data.mos.ru/opendata/918?pageNumber=26&versionNumber=5&releaseNumber=10","256
 
 Пункт проката велосипедов № 255","Костикова улица","37.5513500304245; 55.7611996315267"
"https://data.mos.ru/opendata/918?pageNumber=26&versionNumber=5&releaseNumber=10","257
 
 Пункт проката велосипедов № 260","улица Большая Серпуховская, дом 22/21, строение 3","37.625041030462; 55.7268146314858"
"https://data.mos.ru/opendata/918?pageNumber=26&versionNumber=5&releaseNumber=10","258
 
 Пункт проката велосипедов № 261","4-й Добрынинский переулок, дом 2/10","37.6197354303962; 55.7273523312156"
"https://data.mos.ru/opendata/918?pageNumber=26&versionNumber=5&releaseNumber=10","259
 
 Пункт проката велосипедов № 262","улица Люсиновская, дом 48/50, корпус 10","37.6218210301069; 55.7208936313521"
"https://data.mos.ru/opendata/918?pageNumber=26&versionNumber=5&releaseNumber=10","260
 
 Пункт проката велосипедов № 263","улица Люсиновская, дом 12","37.6223722300811; 55.7241974316371"
"https://data.mos.ru/opendata/918?pageNumber=27&versionNumber=5&releaseNumber=10","261
 
 Пункт проката велосипедов № 265","улица Мытная, дом 15","37.6178259301001; 55.7204752314452"
"https://data.mos.ru/opendata/918?pageNumber=27&versionNumber=5&releaseNumber=10","262
 
 Пункт проката велосипедов № 266","3-й Люсиновский переулок, дом 7/11 строение 1","37.6173860305026; 55.7234316312885"
"https://data.mos.ru/opendata/918?pageNumber=27&versionNumber=5&releaseNumber=10","263
 
 Пункт проката велосипедов № 267","улица Дубининская, дом 25, строение 1","37.6375150301615; 55.726420631467"
"https://data.mos.ru/opendata/918?pageNumber=27&versionNumber=5&releaseNumber=10","264
 
 Пункт проката велосипедов № 268","улица Павловская, дом 7","37.6278600300408; 55.721129631592"
"https://data.mos.ru/opendata/918?pageNumber=27&versionNumber=5&releaseNumber=10","265
 
 Пункт проката велосипедов № 270","улица Шаболовка, дом 43, строение 5","37.6075800307645; 55.7157296311576"
"https://data.mos.ru/opendata/918?pageNumber=27&versionNumber=5&releaseNumber=10","266
 
 Пункт проката велосипедов № 271","улица Мытная, 74","37.6218900305853; 55.7119696312355"
"https://data.mos.ru/opendata/918?pageNumber=27&versionNumber=5&releaseNumber=10","267
 
 Пункт проката велосипедов № 272","Большая Тульская улица, дом 13","37.6218900305853; 55.7119696312355"
"https://data.mos.ru/opendata/918?pageNumber=27&versionNumber=5&releaseNumber=10","268
 
 Пункт проката велосипедов № 273","улица Орджоникидже, напротив дом 5","37.6007500300805; 55.7106996314174"
"https://data.mos.ru/opendata/918?pageNumber=27&versionNumber=5&releaseNumber=10","269
 
 Пункт проката велосипедов № 274","5-й Донской проезд, дом 15","37.5990700304816; 55.7080596313819"
"https://data.mos.ru/opendata/918?pageNumber=27&versionNumber=5&releaseNumber=10","270
 
 Пункт проката велосипедов № 276","улица Мосфильмовская, дом 55","37.4991381303952; 55.7063506314232"
"https://data.mos.ru/opendata/918?pageNumber=28&versionNumber=5&releaseNumber=10","271
 
 Пункт проката велосипедов № 278","Варшавское шоссе, 12","37.6204100300806; 55.6968396313822"
"https://data.mos.ru/opendata/918?pageNumber=28&versionNumber=5&releaseNumber=10","272
 
 Пункт проката велосипедов № 280","Варшавское ш, дом 26","37.6227500299722; 55.6839696311173"
"https://data.mos.ru/opendata/918?pageNumber=28&versionNumber=5&releaseNumber=10","273
 
 Пункт проката велосипедов № 285","улица Удальцова, дом 6","37.5138400303995; 55.6734096312173"
"https://data.mos.ru/opendata/918?pageNumber=28&versionNumber=5&releaseNumber=10","274
 
 Пункт проката велосипедов № 286","улица Гарибальди, 20/29 корпус 2","37.5450400302031; 55.6733996310269"
"https://data.mos.ru/opendata/918?pageNumber=28&versionNumber=5&releaseNumber=10","275
 
 Пункт проката велосипедов № 288","Профсоюзная улица, 55","37.5492000303101; 55.6646596309393"
"https://data.mos.ru/opendata/918?pageNumber=28&versionNumber=5&releaseNumber=10","276
 
 Пункт проката велосипедов № 289","Нахимовский проспект, дом 10","37.5946900301453; 55.6673396309485"
"https://data.mos.ru/opendata/918?pageNumber=28&versionNumber=5&releaseNumber=10","277
 
 Пункт проката велосипедов № 290","Варшавское шоссе, дом 58, строение 3","37.6199500306113; 55.6638796312357"
"https://data.mos.ru/opendata/918?pageNumber=28&versionNumber=5&releaseNumber=10","278
 
 Пункт проката велосипедов № 304","Калужская площадь, дом 1, корпус 3","37.6121883306856; 55.7277404315411"
"https://data.mos.ru/opendata/918?pageNumber=28&versionNumber=5&releaseNumber=10","279
 
 Пункт проката велосипедов № 305","улица Кржижановского, владение 22, строение 2","37.5745946301965; 55.678372631039"
"https://data.mos.ru/opendata/918?pageNumber=28&versionNumber=5&releaseNumber=10","280
 
 Пункт проката велосипедов № 306","улица Вавилова, дом 32 строение 1","37.5728300309034; 55.6982596313405"
"https://data.mos.ru/opendata/918?pageNumber=29&versionNumber=5&releaseNumber=10","281
 
 Пункт проката велосипедов № 323","метро «Ленинский проспект» Южный вестибюль","37.5853100304697; 55.7067396312886"
"https://data.mos.ru/opendata/918?pageNumber=29&versionNumber=5&releaseNumber=10","282
 
 Пункт проката велосипедов № 366","улица Нагорная, дом 37","37.5927754301318; 55.6703981312331"
"https://data.mos.ru/opendata/918?pageNumber=29&versionNumber=5&releaseNumber=10","283
 
 Пункт проката велосипедов № 404","улица Чаянова, дом 15","37.5959992305582; 55.7764656318267"
"https://data.mos.ru/opendata/918?pageNumber=29&versionNumber=5&releaseNumber=10","284
 
 Пункт проката велосипедов № 406","улица Новослободская, дом 11, строение 1","37.6002618308942; 55.779871731525"
"https://data.mos.ru/opendata/918?pageNumber=29&versionNumber=5&releaseNumber=10","285
 
 Пункт проката велосипедов № 409","улица Новослободская, дом 2","37.6009500302298; 55.779459631972"
"https://data.mos.ru/opendata/918?pageNumber=29&versionNumber=5&releaseNumber=10","286
 
 Пункт проката велосипедов № 412","улица Самотечная, дом 9","37.6182931305082; 55.7766456318468"
"https://data.mos.ru/opendata/918?pageNumber=29&versionNumber=5&releaseNumber=10","287
 
 Пункт проката велосипедов № 418","улица Сущевская, дом 21, строение10","37.601520031044; 55.7824096318618"
"https://data.mos.ru/opendata/918?pageNumber=29&versionNumber=5&releaseNumber=10","288
 
 Пункт проката велосипедов № 424","Ленинградский проспект, дом 14, корпус 1","37.5779700303087; 55.7804496317229"
"https://data.mos.ru/opendata/918?pageNumber=29&versionNumber=5&releaseNumber=10","289
 
 Пункт проката велосипедов № 425","улица Новая Башиловка, дом 12","37.5705400305041; 55.7886396319029"
"https://data.mos.ru/opendata/918?pageNumber=29&versionNumber=5&releaseNumber=10","290
 
 Пункт проката велосипедов № 428","улица Нижняя Масловка, дом 5","37.5841000304998; 55.7918496320474"
"https://data.mos.ru/opendata/918?pageNumber=30&versionNumber=5&releaseNumber=10","291
 
 Пункт проката велосипедов № 429","Трифоновская улица, дом 61, корпус 1","37.6332400305017; 55.7903996318535"
"https://data.mos.ru/opendata/918?pageNumber=30&versionNumber=5&releaseNumber=10","292
 
 Пункт проката велосипедов № 433","проспект Мира, дом 92, строение 2","37.6350680302362; 55.7925136316237"
"https://data.mos.ru/opendata/918?pageNumber=30&versionNumber=5&releaseNumber=10","293
 
 Пункт проката велосипедов № 434","проспект Мира, дом 106","37.6362300307127; 55.8018646320183"
"https://data.mos.ru/opendata/918?pageNumber=30&versionNumber=5&releaseNumber=10","294
 
 Пункт проката велосипедов № 435","проспект Мира, дом 114Б строение 2","37.6379730309638; 55.8078706318428"
"https://data.mos.ru/opendata/918?pageNumber=30&versionNumber=5&releaseNumber=10","295
 
 Пункт проката велосипедов № 438","улица Маломосковская, дом 22, строение 1","37.6531100310848; 55.811769631961"
"https://data.mos.ru/opendata/918?pageNumber=30&versionNumber=5&releaseNumber=10","296
 
 Пункт проката велосипедов № 454","улица Каланчевская, дом 32","37.6461563300802; 55.7789988317947"
"https://data.mos.ru/opendata/918?pageNumber=30&versionNumber=5&releaseNumber=10","297
 
 Пункт проката велосипедов № 455","улица Краснопрудная, дом 13А","37.6663820311682; 55.7797556317835"
"https://data.mos.ru/opendata/918?pageNumber=30&versionNumber=5&releaseNumber=10","298
 
 Пункт проката велосипедов № 457","улица Бауманская 33/2","37.6791480309649; 55.772242631862"
"https://data.mos.ru/opendata/918?pageNumber=30&versionNumber=5&releaseNumber=10","299
 
 Пункт проката велосипедов № 458","улица Старая Басманная, дом 21/4","37.6640730311828; 55.7671636314083"
"https://data.mos.ru/opendata/918?pageNumber=30&versionNumber=5&releaseNumber=10","300
 
 Пункт проката велосипедов № 459","улица Каланчевская, дом 15А","37.6520953308905; 55.7724952315931"
"https://data.mos.ru/opendata/918?pageNumber=31&versionNumber=5&releaseNumber=10","301
 
 Пункт проката велосипедов № 475","метро «ВДНХ»","37.6414493305638; 55.8224299318835"
"https://data.mos.ru/opendata/918?pageNumber=31&versionNumber=5&releaseNumber=10","302
 
 Пункт проката велосипедов № 477","улица 3-я Рыбинская, дом 30","37.6637790306014; 55.7888267320196"
"https://data.mos.ru/opendata/918?pageNumber=31&versionNumber=5&releaseNumber=10","303
 
 Пункт проката велосипедов № 478","улица Сокольнический Вал, дом 8","37.660047030969; 55.7925156320094"
"https://data.mos.ru/opendata/918?pageNumber=31&versionNumber=5&releaseNumber=10","304
 
 Пункт проката велосипедов № 479","улица Сокольнический Вал","37.6669605309634; 55.7916069316969"
"https://data.mos.ru/opendata/918?pageNumber=31&versionNumber=5&releaseNumber=10","305
 
 Пункт проката велосипедов № 487","Сокольническая площадь, дом 7","37.678326031198; 55.7918736316817"
"https://data.mos.ru/opendata/918?pageNumber=31&versionNumber=5&releaseNumber=10","306
 
 Пункт проката велосипедов № 488","улица Русаковская, дом 25 строение 1","37.6764980305522; 55.7862466318326"
"https://data.mos.ru/opendata/918?pageNumber=31&versionNumber=5&releaseNumber=10","307
 
 Пункт проката велосипедов № 489","метро «Сокольники»","37.6797660305914; 55.7891006316099"
"https://data.mos.ru/opendata/918?pageNumber=31&versionNumber=5&releaseNumber=10","308
 
 Пункт проката велосипедов № 490","улица Стромынка, дом 7, корпус2","37.6859179308104; 55.7914211316931"
"https://data.mos.ru/opendata/918?pageNumber=31&versionNumber=5&releaseNumber=10","309
 
 Пункт проката велосипедов № 491","улица Стромынка, дом 13","37.6941530304604; 55.7942476317217"
"https://data.mos.ru/opendata/918?pageNumber=31&versionNumber=5&releaseNumber=10","310
 
 Пункт проката велосипедов № 492","улица Стромынка, дом 20","37.6998750311165; 55.7944266320306"
"https://data.mos.ru/opendata/918?pageNumber=32&versionNumber=5&releaseNumber=10","311
 
 Пункт проката велосипедов № 499","Парк Сокольники, 5-й Лучевой просек дом 5, строение 1","37.6478400312689; 55.8263696322445"
"https://data.mos.ru/opendata/918?pageNumber=32&versionNumber=5&releaseNumber=10","312
 
 Пункт проката велосипедов № 500","метро «Полежаевская»","37.5168600308729; 55.7774496318999"
"https://data.mos.ru/opendata/918?pageNumber=32&versionNumber=5&releaseNumber=10","313
 
 Пункт проката велосипедов № 508","Чапаевский переулок, дом 12, корпус 2","37.5192000307784; 55.7992696318832"
"https://data.mos.ru/opendata/918?pageNumber=32&versionNumber=5&releaseNumber=10","314
 
 Пункт проката велосипедов № 510","Чапаевский переулок, дом 2","37.5203600306707; 55.8027296319458"
"https://data.mos.ru/opendata/918?pageNumber=32&versionNumber=5&releaseNumber=10","315
 
 Пункт проката велосипедов № 512","Ленинградский проспект, дом 39, строение17","37.5421600307714; 55.795379631909"
"https://data.mos.ru/opendata/918?pageNumber=32&versionNumber=5&releaseNumber=10","316
 
 Пункт проката велосипедов № 513","Ленинградский прспект, дом 33 корпус 1","37.5609100300823; 55.7865396319359"
"https://data.mos.ru/opendata/918?pageNumber=32&versionNumber=5&releaseNumber=10","317
 
 Пункт проката велосипедов № 521","Ленинградский проспект, дом 44","37.5473700302905; 55.7942896318678"
"https://data.mos.ru/opendata/918?pageNumber=32&versionNumber=5&releaseNumber=10","318
 
 Пункт проката велосипедов № 522","Ленинградский проспект, дом 54","37.5397800306945; 55.7975896320159"
"https://data.mos.ru/opendata/918?pageNumber=32&versionNumber=5&releaseNumber=10","319
 
 Пункт проката велосипедов № 526","улица Усиевича, дом 12-14","37.5280000308526; 55.8055896318963"
"https://data.mos.ru/opendata/918?pageNumber=32&versionNumber=5&releaseNumber=10","320
 
 Пункт проката велосипедов № 527","улица Черняховского, дом 15","37.5377300303408; 55.8066896320835"
"https://data.mos.ru/opendata/918?pageNumber=33&versionNumber=5&releaseNumber=10","321
 
 Пункт проката велосипедов № 528","улица Черняховского, дом 4А","37.5345300310032; 55.803639631808"
"https://data.mos.ru/opendata/918?pageNumber=33&versionNumber=5&releaseNumber=10","322
 
 Пункт проката велосипедов № 529","улица Планетная, дом 17","37.5491700304315; 55.8003396318554"
"https://data.mos.ru/opendata/918?pageNumber=33&versionNumber=5&releaseNumber=10","323
 
 Пункт проката велосипедов № 531","Дворцовая аллея","37.5536600302489; 55.7943496321307"
"https://data.mos.ru/opendata/918?pageNumber=33&versionNumber=5&releaseNumber=10","324
 
 Пункт проката велосипедов № 532","улица Верхняя Масловка, дом 10, строение 4","37.565510030881; 55.79305963176"
"https://data.mos.ru/opendata/918?pageNumber=33&versionNumber=5&releaseNumber=10","325
 
 Пункт проката велосипедов №042","Георгиевский пер., д.2","37.614129; 55.758424"
"https://data.mos.ru/opendata/918?pageNumber=33&versionNumber=5&releaseNumber=10","326
 
 Пункт проката велосипедов №052","Никитский б-р","37.601432; 55.753112"
"https://data.mos.ru/opendata/918?pageNumber=33&versionNumber=5&releaseNumber=10","327
 
 Пункт проката велосипедов №106","Смоленская пл., д.6, стр.1","37.582994; 55.748124"
"https://data.mos.ru/opendata/918?pageNumber=33&versionNumber=5&releaseNumber=10","328
 
 Пункт проката велосипедов №108","Новинский б-р., д.27, стр.2","37.583694; 55.756811"
"https://data.mos.ru/opendata/918?pageNumber=33&versionNumber=5&releaseNumber=10","329
 
 Пункт проката велосипедов №110","Кудринская пл., д.46/54, стр.1","37.58537; 55.758366"
"https://data.mos.ru/opendata/918?pageNumber=33&versionNumber=5&releaseNumber=10","330
 
 Пункт проката велосипедов №111","Садово-Кудринская ул., д.1-3а","37.584835; 55.759828"
"https://data.mos.ru/opendata/918?pageNumber=34&versionNumber=5&releaseNumber=10","331
 
 Пункт проката велосипедов №113","Садово-Кудринская ул., д.32, стр.2","37.590953; 55.765848"
"https://data.mos.ru/opendata/918?pageNumber=34&versionNumber=5&releaseNumber=10","332
 
 Пункт проката велосипедов №114","Садовая Большая ул., д.1","37.590615; 55.766162"
"https://data.mos.ru/opendata/918?pageNumber=34&versionNumber=5&releaseNumber=10","333
 
 Пункт проката велосипедов №115","Триумфальная пл., д.2","37.594435; 55.768116"
"https://data.mos.ru/opendata/918?pageNumber=34&versionNumber=5&releaseNumber=10","334
 
 Пункт проката велосипедов №116","Садовая-Триумфальная ул., д.4/10","37.599953; 55.770887"
"https://data.mos.ru/opendata/918?pageNumber=34&versionNumber=5&releaseNumber=10","335
 
 Пункт проката велосипедов №117","Садовая-Триумфальная ул., д.22/31","37.603636; 55.772012"
"https://data.mos.ru/opendata/918?pageNumber=34&versionNumber=5&releaseNumber=10","336
 
 Пункт проката велосипедов №249","Кутузовский пр-кт., д.35/50","37.537008; 55.73925"
"https://data.mos.ru/opendata/918?pageNumber=34&versionNumber=5&releaseNumber=10","337
 
 Пункт проката велосипедов №257","Генерала Ермолова ул., д.4","37.517572; 55.735193"
"https://data.mos.ru/opendata/918?pageNumber=34&versionNumber=5&releaseNumber=10","338
 
 Пункт проката велосипедов №279","Мичуринский пр-кт., д.31, к.4","37.496069; 55.694686"
"https://data.mos.ru/opendata/918?pageNumber=34&versionNumber=5&releaseNumber=10","339
 
 Пункт проката велосипедов №281","Удальцова ул., д.40А","37.491269; 55.682977"
"https://data.mos.ru/opendata/918?pageNumber=34&versionNumber=5&releaseNumber=10","340
 
 Пункт проката велосипедов №282","Вернадского пр-кт., д.12","37.515503; 55.682363"
"https://data.mos.ru/opendata/918?pageNumber=35&versionNumber=5&releaseNumber=10","341
 
 Пункт проката велосипедов №283","Вернадского пр-кт., д.76А","37.489016; 55.672486"
"https://data.mos.ru/opendata/918?pageNumber=35&versionNumber=5&releaseNumber=10","342
 
 Пункт проката велосипедов №284","Вернадского пр-кт., д.70А","37.496316; 55.671419"
"https://data.mos.ru/opendata/918?pageNumber=35&versionNumber=5&releaseNumber=10","343
 
 Пункт проката велосипедов №287","Вернадского пр-кт., д.86Д","37.481469; 55.660955"
"https://data.mos.ru/opendata/918?pageNumber=35&versionNumber=5&releaseNumber=10","344
 
 Пункт проката велосипедов №291","Азовская ул.","37.597366; 55.646486"
"https://data.mos.ru/opendata/918?pageNumber=35&versionNumber=5&releaseNumber=10","345
 
 Пункт проката велосипедов №292","Профсоюзная ул., д.43","37.554445; 55.669411"
"https://data.mos.ru/opendata/918?pageNumber=35&versionNumber=5&releaseNumber=10","346
 
 Пункт проката велосипедов №426","Ямского поля 5-я ул., д.24","37.578596; 55.788096"
"https://data.mos.ru/opendata/918?pageNumber=35&versionNumber=5&releaseNumber=10","347
 
 Пункт проката велосипедов №427","Правды ул., д.24, стр.4","37.582977; 55.789259"
"https://data.mos.ru/opendata/918?pageNumber=35&versionNumber=5&releaseNumber=10","348
 
 Пункт проката велосипедов №436","Переяславская Большая ул., д.15","37.640458; 55.786316"
"https://data.mos.ru/opendata/918?pageNumber=35&versionNumber=5&releaseNumber=10","349
 
 Пункт проката велосипедов №437","Мытищинская 3-я ул., д.15","37.645156; 55.805563"
"https://data.mos.ru/opendata/918?pageNumber=35&versionNumber=5&releaseNumber=10","350
 
 Пункт проката велосипедов №447","Мира пр-кт., д.122","37.638466; 55.81355"
"https://data.mos.ru/opendata/918?pageNumber=36&versionNumber=5&releaseNumber=10","351
 
 Пункт проката велосипедов №448","Рижский пр-д., д.8","37.660913; 55.813904"
"https://data.mos.ru/opendata/918?pageNumber=36&versionNumber=5&releaseNumber=10","352
 
 Пункт проката велосипедов №449","Кибальчича ул., д.9","37.646595; 55.816654"
"https://data.mos.ru/opendata/918?pageNumber=36&versionNumber=5&releaseNumber=10","353
 
 Пункт проката велосипедов №456","Красносельская Нижняя ул., д.40/12, к.11","37.672713; 55.774758"
"https://data.mos.ru/opendata/918?pageNumber=36&versionNumber=5&releaseNumber=10","354
 
 Пункт проката велосипедов №460","Правды ул., д.4/19","37.576512; 55.78347"
"https://data.mos.ru/opendata/918?pageNumber=36&versionNumber=5&releaseNumber=10","355
 
 Пункт проката велосипедов №476","Мира пр-кт., д.142, стр.2","37.640633; 55.819394"
"https://data.mos.ru/opendata/918?pageNumber=36&versionNumber=5&releaseNumber=10","356
 
 Пункт проката велосипедов №486","Космонавтов ул., д.19","37.662644; 55.821435"
"https://data.mos.ru/opendata/918?pageNumber=36&versionNumber=5&releaseNumber=10","357
 
 Пункт проката велосипедов №493","Краснобогатырская ул., д.62","37.706739; 55.805556"
"https://data.mos.ru/opendata/918?pageNumber=36&versionNumber=5&releaseNumber=10","358
 
 Пункт проката велосипедов №494","Краснобогатырская ул., д.89","37.711696; 55.801388"
"https://data.mos.ru/opendata/918?pageNumber=36&versionNumber=5&releaseNumber=10","359
 
 Пункт проката велосипедов №495","Преображенский Вал ул., д. 24, к.3","37.71573; 55.790414"
"https://data.mos.ru/opendata/918?pageNumber=36&versionNumber=5&releaseNumber=10","360
 
 Пункт проката велосипедов №496","Электрозаводская ул., д.21, стр.13","37.702752; 55.784991"
"https://data.mos.ru/opendata/918?pageNumber=37&versionNumber=5&releaseNumber=10","361
 
 Пункт проката велосипедов №497","Бакунинская ул., д.73, стр.1","37.692643; 55.779863"
"https://data.mos.ru/opendata/918?pageNumber=37&versionNumber=5&releaseNumber=10","362
 
 Пункт проката велосипедов №498","Мира пр-кт., д.150","37.64405; 55.822614"
"https://data.mos.ru/opendata/918?pageNumber=37&versionNumber=5&releaseNumber=10","363
 
 Пункт проката велосипедов №501","Куусинена ул., д.13","37.514483; 55.783851"
"https://data.mos.ru/opendata/918?pageNumber=37&versionNumber=5&releaseNumber=10","364
 
 Пункт проката велосипедов №502","Песчанная 3-я ул., д.2","37.51271; 55.792345"
"https://data.mos.ru/opendata/918?pageNumber=37&versionNumber=5&releaseNumber=10","365
 
 Пункт проката велосипедов №503","Авиаконструктора Микояна ул., д.10","37.526685; 55.79144"
"https://data.mos.ru/opendata/918?pageNumber=37&versionNumber=5&releaseNumber=10","366
 
 Пункт проката велосипедов №504","Ходынский б-р., д.3","37.537724; 55.786716"
"https://data.mos.ru/opendata/918?pageNumber=37&versionNumber=5&releaseNumber=10","367
 
 Пункт проката велосипедов №505","Гризодубовой ул., д.2","37.531239; 55.782237"
"https://data.mos.ru/opendata/918?pageNumber=37&versionNumber=5&releaseNumber=10","368
 
 Пункт проката велосипедов №506","Берёзовой Рощи пр-д., д.2","37.51965; 55.786605"
"https://data.mos.ru/opendata/918?pageNumber=37&versionNumber=5&releaseNumber=10","369
 
 Пункт проката велосипедов №507","Новопесчаная ул., д.10, стр.1","37.513538; 55.797824"
"https://data.mos.ru/opendata/918?pageNumber=37&versionNumber=5&releaseNumber=10","370
 
 Пункт проката велосипедов №509","Ленинградский проспект, 71А","37.515275; 55.804399"
"https://data.mos.ru/opendata/918?pageNumber=38&versionNumber=5&releaseNumber=10","371
 
 Пункт проката велосипедов №511","Ленинградский пр-кт., д.49/2","37.530375; 55.80053"
"https://data.mos.ru/opendata/918?pageNumber=38&versionNumber=5&releaseNumber=10","372
 
 Пункт проката велосипедов №520","ст.м. Динамо","37.559531; 55.788844"
"https://data.mos.ru/opendata/918?pageNumber=38&versionNumber=5&releaseNumber=10","373
 
 Пункт проката велосипедов №523","Ленинградский пр-кт., 62А","37.531548; 55.801277"
"https://data.mos.ru/opendata/918?pageNumber=38&versionNumber=5&releaseNumber=10","374
 
 Пункт проката велосипедов №524","Ленинградский пр-кт., д.68","37.522051; 55.803656"
"https://data.mos.ru/opendata/918?pageNumber=38&versionNumber=5&releaseNumber=10","375
 
 Пункт проката велосипедов №525","Часовая ул., д.24, стр.3","37.525496; 55.811398"
"https://data.mos.ru/opendata/918?pageNumber=38&versionNumber=5&releaseNumber=10","376
 
 Пункт проката велосипедов №530","Петровско-Разумовский пр-д., д.24, к.4","37.56325; 55.803123"
"https://data.mos.ru/opendata/918?pageNumber=38&versionNumber=5&releaseNumber=10","377
 
 Пункт проката велосипедов №533","Полковая ул., д.1. стр.2","37.602765; 55.798181"
"https://data.mos.ru/opendata/918?pageNumber=38&versionNumber=5&releaseNumber=10","378
 
 Пункт проката велосипедов №534","Дубовая Роща ул., д.21","37.602749; 55.81818"
"https://data.mos.ru/opendata/918?pageNumber=38&versionNumber=5&releaseNumber=10","379
 
 Пункт проката велосипедов №535","Мира пр-кт., д.123","37.647503; 55.827796"
"https://data.mos.ru/opendata/918?pageNumber=38&versionNumber=5&releaseNumber=10","380
 
 Пункт проката велосипедов №536","Мира пр-кт., д.182","37.648111; 55.826356"
